{"sac_hopper_model_relative_loss": 0.002981779398396611, "sac_hopper_model_loss": 0.0018040122652612626, "_timestamp": 1694985426.0044482, "_runtime": 354.0703582763672, "_step": 97, "_wandb": {"runtime": 354}}