{"ac_Ant-v4_reward_relative_loss": 0.2334851324558258, "ac_Ant-v4_reward_loss": 0.042454209932419475, "_timestamp": 1695881104.467175, "_runtime": 1000.9406940937042, "_step": 97, "_wandb": {"runtime": 1003}}