{"sac_walker_reward_relative_loss": 0.005518265068531036, "sac_walker_reward_loss": 0.0014810918183950708, "_timestamp": 1694728487.2151365, "_runtime": 349.42006063461304, "_step": 99, "_wandb": {"runtime": 350}}