{"ac_Ant-v4_value_relative_loss": 3.7753264904022217, "ac_Ant-v4_value_loss": 7.402489033531425, "_timestamp": 1695889049.4186997, "_runtime": 990.7551746368408, "_step": 97, "_wandb": {"runtime": 993}}