{"sac_hopper_reward_relative_loss": 0.00016056063759606332, "sac_hopper_reward_loss": 4.830351245167549e-05, "_timestamp": 1694890577.205029, "_runtime": 387.37703108787537, "_step": 97, "_wandb": {"runtime": 387}}