{"sac_pendulum_model_relative_loss": 6.0077913985878695e-06, "sac_pendulum_model_loss": 2.7764368828769646e-07, "_timestamp": 1694750129.1248517, "_runtime": 339.97835874557495, "_step": 97, "_wandb": {"runtime": 340}}