{"sac_walker_model_relative_loss": 0.41828152537345886, "sac_walker_model_loss": 0.4798822401380539, "_timestamp": 1694743489.7285078, "_runtime": 327.87077379226685, "_step": 97, "_wandb": {"runtime": 328}}