{"sac_walker_reward_relative_loss": 0.004270612727850676, "sac_walker_reward_loss": 0.001146224223715253, "_timestamp": 1694989366.7341018, "_runtime": 352.1139006614685, "_step": 97, "_wandb": {"runtime": 352}}