{"sac_hopper_value_relative_loss": 0.09753862023353577, "sac_hopper_value_loss": 1.392618675918579, "_timestamp": 1694728127.6487386, "_runtime": 340.65484166145325, "_step": 99, "_wandb": {"runtime": 339}}