{"sac_walker_model_relative_loss": 0.3946931064128876, "sac_walker_model_loss": 0.45281990602970124, "_timestamp": 1694743829.1642346, "_runtime": 330.41314673423767, "_step": 97, "_wandb": {"runtime": 331}}