{"sac_walker_model_relative_loss": 0.25511762499809265, "sac_walker_model_loss": 0.2926890504336357, "_timestamp": 1694991494.2741783, "_runtime": 329.32720732688904, "_step": 97, "_wandb": {"runtime": 329}}