{"sac_cheetah_reward_relative_loss": 0.021910319104790688, "sac_cheetah_reward_loss": 0.0035178212958634713, "_timestamp": 1694730470.1989512, "_runtime": 175.71588230133057, "_step": 97, "_wandb": {"runtime": 175}}