{"sac_pendulum_value_relative_loss": 0.0059104845859110355, "sac_pendulum_value_loss": 0.05280278770238161, "_timestamp": 1694730285.3746526, "_runtime": 351.8794026374817, "_step": 99, "_wandb": {"runtime": 352}}