{"sac_hopper_model_relative_loss": 0.004973433446139097, "sac_hopper_model_loss": 0.003008986826632172, "_timestamp": 1694738360.9992595, "_runtime": 329.5465245246887, "_step": 97, "_wandb": {"runtime": 330}}