{"ac_Ant-v4_reward_relative_loss": 0.23771673440933228, "ac_Ant-v4_reward_loss": 0.04322363699338915, "_timestamp": 1695882096.5478208, "_runtime": 974.3513667583466, "_step": 97, "_wandb": {"runtime": 976}}