{"sac_hopper_reward_relative_loss": 0.00016758409037720412, "sac_hopper_reward_loss": 5.0416469657066045e-05, "_timestamp": 1694737672.2048824, "_runtime": 327.4821562767029, "_step": 97, "_wandb": {"runtime": 328}}