{"sac_hopper_model_relative_loss": 0.002809296827763319, "sac_hopper_model_loss": 0.0016996582230553031, "_timestamp": 1694985774.528211, "_runtime": 338.81816005706787, "_step": 97, "_wandb": {"runtime": 339}}