{"sac_cheetah_reward_relative_loss": 0.0210329107940197, "sac_cheetah_reward_loss": 0.0033769487944519195, "_timestamp": 1694752386.5140526, "_runtime": 166.20248556137085, "_step": 97, "_wandb": {"runtime": 166}}