{"sac_walker_value_relative_loss": 0.49316611886024475, "sac_walker_value_loss": 6.451304277687073, "_timestamp": 1694992182.3328884, "_runtime": 323.8638334274292, "_step": 97, "_wandb": {"runtime": 324}}