{"sac_cheetah_reward_relative_loss": 0.021696701645851135, "sac_cheetah_reward_loss": 0.003483523825190661, "_timestamp": 1694752033.5613644, "_runtime": 170.29931235313416, "_step": 97, "_wandb": {"runtime": 170}}