{"sac_pendulum_value_relative_loss": 0.00382453971542418, "sac_pendulum_value_loss": 0.034167481379956004, "_timestamp": 1694998230.7131183, "_runtime": 369.4462802410126, "_step": 97, "_wandb": {"runtime": 369}}