{"sac_hopper_reward_relative_loss": 0.00017928813758771867, "sac_hopper_reward_loss": 5.393754501506919e-05, "_timestamp": 1694736636.3199492, "_runtime": 329.2641360759735, "_step": 97, "_wandb": {"runtime": 329}}