{"sac_cheetah_model_relative_loss": 0.08567652851343155, "sac_cheetah_model_loss": 0.23935496925316174, "_timestamp": 1695000717.5825098, "_runtime": 167.42880368232727, "_step": 97, "_wandb": {"runtime": 167}}