{"sac_ant_value_relative_loss": 0.07910425961017609, "sac_ant_value_loss": 0.4311457736891508, "_timestamp": 1694736296.2455273, "_runtime": 341.0389702320099, "_step": 97, "_wandb": {"runtime": 341}}