{"sac_pendulum_value_relative_loss": 0.006867841351777315, "sac_pendulum_value_loss": 0.061355576342642305, "_timestamp": 1694750820.9189413, "_runtime": 334.2016291618347, "_step": 97, "_wandb": {"runtime": 334}}