{"sac_cheetah_reward_relative_loss": 0.015688490122556686, "sac_cheetah_reward_loss": 0.0025188727537840392, "_timestamp": 1694999490.7170749, "_runtime": 167.81949090957642, "_step": 97, "_wandb": {"runtime": 167}}