{"sac_cheetah_reward_relative_loss": 0.01578318513929844, "sac_cheetah_reward_loss": 0.0025340768055613755, "_timestamp": 1694999664.6349797, "_runtime": 164.65500164031982, "_step": 97, "_wandb": {"runtime": 164}}