{"sac_cheetah_reward_relative_loss": 0.714689314365387, "sac_cheetah_reward_loss": 0.11474727342526118, "_timestamp": 1694725925.2547703, "_runtime": 4.557216167449951, "_step": 0, "_wandb": {"runtime": 5}}