{"ac_Ant-v4_value_relative_loss": 3.787241220474243, "ac_Ant-v4_value_loss": 7.425850965451731, "_timestamp": 1695887021.1499207, "_runtime": 969.4466886520386, "_step": 97, "_wandb": {"runtime": 971}}