{"sac_hopper_value_relative_loss": 0.09678739309310913, "sac_hopper_value_loss": 1.3818929504108428, "_timestamp": 1694740768.3360405, "_runtime": 341.0572175979614, "_step": 97, "_wandb": {"runtime": 341}}