{"sac_hopper_reward_relative_loss": 0.00016739449347369373, "sac_hopper_reward_loss": 5.035943030030467e-05, "_timestamp": 1694723074.2784164, "_runtime": 340.5302474498749, "_step": 99, "_wandb": {"runtime": 341}}