{"sac_pendulum_model_relative_loss": 1.0916143764916342e-05, "sac_pendulum_model_loss": 5.044779890681639e-07, "_timestamp": 1694729923.6328454, "_runtime": 355.0101544857025, "_step": 99, "_wandb": {"runtime": 355}}