{"sac_cheetah_value_relative_loss": 0.31633302569389343, "sac_cheetah_value_loss": 1.4169056165584446, "_timestamp": 1695001961.9754326, "_runtime": 170.51847171783447, "_step": 97, "_wandb": {"runtime": 170}}