{"sac_ant_model_relative_loss": 0.0723000168800354, "sac_ant_model_loss": 0.028878433067686855, "_timestamp": 1695856384.5521429, "_runtime": 76.9503288269043, "_step": 18, "_wandb": {"runtime": 76}}