{"sac_ant_value_relative_loss": 0.05034935474395752, "sac_ant_value_loss": 0.27442152655482294, "_timestamp": 1694850622.3168602, "_runtime": 350.02240920066833, "_step": 97, "_wandb": {"runtime": 350}}