{"sac_hopper_reward_relative_loss": 0.00017460166418459266, "sac_hopper_reward_loss": 5.252765449535218e-05, "_timestamp": 1694984715.9537122, "_runtime": 399.4063081741333, "_step": 97, "_wandb": {"runtime": 400}}