{"sac_pendulum_model_relative_loss": 9.391825187776703e-06, "sac_pendulum_model_loss": 4.340331908579742e-07, "_timestamp": 1694995952.3585777, "_runtime": 383.0509877204895, "_step": 97, "_wandb": {"runtime": 383}}