{"sac_pendulum_model_relative_loss": 7.848463610571343e-06, "sac_pendulum_model_loss": 3.6270837215198526e-07, "_timestamp": 1694748986.5115852, "_runtime": 336.81430315971375, "_step": 97, "_wandb": {"runtime": 337}}