{"sac_walker_reward_relative_loss": 0.004218550864607096, "sac_walker_reward_loss": 0.0011322508813487366, "_timestamp": 1694990111.4177365, "_runtime": 357.24731063842773, "_step": 97, "_wandb": {"runtime": 357}}