{"sac_walker_value_relative_loss": 0.725532054901123, "sac_walker_value_loss": 9.490977125549316, "_timestamp": 1694746198.7140567, "_runtime": 327.701233625412, "_step": 97, "_wandb": {"runtime": 328}}