{"sac_pendulum_reward_relative_loss": 2.8240126539458288e-06, "sac_pendulum_reward_loss": 2.857685685311395e-07, "_timestamp": 1694994373.5188427, "_runtime": 390.2070586681366, "_step": 97, "_wandb": {"runtime": 390}}