{"ac_Hopper-v4_reward_relative_loss": 0.0005444285925477743, "ac_Hopper-v4_reward_loss": 9.887115424190412e-05, "_timestamp": 1695890939.085235, "_runtime": 701.6000280380249, "_step": 56}