{"sac_hopper_model_relative_loss": 0.006108439993113279, "sac_hopper_model_loss": 0.0036956791820004584, "_timestamp": 1694739046.9257112, "_runtime": 325.72839522361755, "_step": 97, "_wandb": {"runtime": 326}}