{"sac_walker_reward_relative_loss": 0.0056780073791742325, "sac_walker_reward_loss": 0.001523966175848618, "_timestamp": 1694724133.439349, "_runtime": 340.72782492637634, "_step": 99, "_wandb": {"runtime": 341}}