{"sac_walker_value_relative_loss": 0.6651731133460999, "sac_walker_value_loss": 8.701396632690429, "_timestamp": 1694745514.8103743, "_runtime": 318.50487518310547, "_step": 97, "_wandb": {"runtime": 319}}