{"sac_cheetah_value_relative_loss": 0.3208879828453064, "sac_cheetah_value_loss": 1.4373080048588553, "_timestamp": 1695001782.555862, "_runtime": 166.20592093467712, "_step": 97, "_wandb": {"runtime": 166}}