{"sac_pendulum_reward_relative_loss": 2.540987907195813e-06, "sac_pendulum_reward_loss": 2.5712860281822666e-07, "_timestamp": 1694747580.95545, "_runtime": 337.9055700302124, "_step": 97, "_wandb": {"runtime": 337}}