{"sac_ant_model_relative_loss": 0.03336739167571068, "sac_ant_model_loss": 0.013327770314328373, "_timestamp": 1694849885.5509775, "_runtime": 347.2827904224396, "_step": 97, "_wandb": {"runtime": 347}}