{"sac_hopper_model_relative_loss": 0.0024821883998811245, "sac_hopper_model_loss": 0.0015017536436207593, "_timestamp": 1694986460.8491666, "_runtime": 321.59032559394836, "_step": 97, "_wandb": {"runtime": 322}}