{"sac_hopper_reward_relative_loss": 0.00020544395374599844, "sac_hopper_reward_loss": 6.180633599258727e-05, "_timestamp": 1694891629.8164642, "_runtime": 237.57392716407776, "_step": 57}