{"sac_pendulum_value_relative_loss": 0.0036011761985719204, "sac_pendulum_value_loss": 0.0321720076495409, "_timestamp": 1694999313.189464, "_runtime": 345.4351191520691, "_step": 97, "_wandb": {"runtime": 346}}