{"sac_walker_model_relative_loss": 0.2733113169670105, "sac_walker_model_loss": 0.3135621251773834, "_timestamp": 1694991849.0559034, "_runtime": 344.38433051109314, "_step": 97, "_wandb": {"runtime": 345}}