{"sac_ant_reward_relative_loss": 0.020391536876559258, "sac_ant_reward_loss": 0.0016921493791416287, "_timestamp": 1694732481.8876588, "_runtime": 327.23588395118713, "_step": 97, "_wandb": {"runtime": 327}}