{"sac_hopper_value_relative_loss": 0.09201069176197052, "sac_hopper_value_loss": 1.313693096113205, "_timestamp": 1694741106.0128553, "_runtime": 326.8978831768036, "_step": 97, "_wandb": {"runtime": 327}}