{"sac_walker_model_relative_loss": 0.42629939317703247, "sac_walker_model_loss": 0.4890809015893936, "_timestamp": 1694724472.3535612, "_runtime": 328.60135316848755, "_step": 99, "_wandb": {"runtime": 327}}