{"sac_ant_reward_relative_loss": 0.013151092454791069, "sac_ant_reward_loss": 0.001091316047909204, "_timestamp": 1694846609.8254244, "_runtime": 367.328652381897, "_step": 97, "_wandb": {"runtime": 366}}