{"sac_ant_model_relative_loss": 0.036267317831516266, "sac_ant_model_loss": 0.014486072502397002, "_timestamp": 1694848807.8670003, "_runtime": 360.38631439208984, "_step": 97, "_wandb": {"runtime": 361}}