{"sac_ant_reward_relative_loss": 0.013820995576679707, "sac_ant_reward_loss": 0.00114690661723027, "_timestamp": 1694847707.9158409, "_runtime": 347.29810881614685, "_step": 97, "_wandb": {"runtime": 347}}