{"sac_walker_model_relative_loss": 0.3926268517971039, "sac_walker_model_loss": 0.45044939021110536, "_timestamp": 1694744169.9610984, "_runtime": 331.3504464626312, "_step": 97, "_wandb": {"runtime": 332}}