{"sac_ant_model_relative_loss": 0.06921049952507019, "sac_ant_model_loss": 0.027644404147081077, "_timestamp": 1694733883.032974, "_runtime": 342.3824460506439, "_step": 97, "_wandb": {"runtime": 343}}