{"sac_hopper_value_relative_loss": 0.06934376806020737, "sac_hopper_value_loss": 0.9900634890556336, "_timestamp": 1694987896.5733461, "_runtime": 334.330598115921, "_step": 97, "_wandb": {"runtime": 334}}