{"sac_antrewardrelative_loss": 0.02299385517835617, "sac_antrewardloss": 0.0019080971965147182, "_timestamp": 1694721628.022827, "_runtime": 185.55519080162048, "_step": 51, "_wandb": {"runtime": 185}}