{"sac_ant_value_relative_loss": 0.08321526646614075, "sac_ant_value_loss": 0.45355217556506394, "_timestamp": 1694735609.9288478, "_runtime": 346.39673471450806, "_step": 97, "_wandb": {"runtime": 347}}