{"sac_ant_reward_relative_loss": 0.020466146990656853, "sac_ant_reward_loss": 0.0016983405885100365, "_timestamp": 1694726334.800283, "_runtime": 358.73940896987915, "_step": 99, "_wandb": {"runtime": 359}}