{"ac_Ant-v4_reward_relative_loss": 0.2577221691608429, "ac_Ant-v4_reward_loss": 0.0468611909518282, "_timestamp": 1695883099.4526227, "_runtime": 985.4553287029266, "_step": 97, "_wandb": {"runtime": 988}}