{"sac_hopper_model_relative_loss": 0.0027032967191189528, "sac_hopper_model_loss": 0.0016355269146803766, "_timestamp": 1694985061.0666926, "_runtime": 334.81454253196716, "_step": 97, "_wandb": {"runtime": 335}}