{"sac_pendulum_model_relative_loss": 9.978313755709678e-06, "sac_pendulum_model_loss": 4.6113714744478784e-07, "_timestamp": 1694996334.7089183, "_runtime": 369.6841094493866, "_step": 97, "_wandb": {"runtime": 370}}