{"ac_Ant-v4_model_relative_loss": 0.3463899493217468, "ac_Ant-v4_model_loss": 0.33787133753066606, "_timestamp": 1695873133.2981205, "_runtime": 958.8164224624634, "_step": 97, "_wandb": {"runtime": 961}}