{"sac_hopper_value_relative_loss": 0.1011519581079483, "sac_hopper_value_loss": 1.4442086282444, "_timestamp": 1694741459.7957265, "_runtime": 342.6840925216675, "_step": 97, "_wandb": {"runtime": 343}}