{"sac_walker_reward_relative_loss": 0.004163040313869715, "sac_walker_reward_loss": 0.001117351982104592, "_timestamp": 1694988631.6198292, "_runtime": 364.7848150730133, "_step": 97, "_wandb": {"runtime": 365}}