{"sac_walker_model_relative_loss": 0.2620002031326294, "sac_walker_model_loss": 0.30058518614530566, "_timestamp": 1694990804.9326484, "_runtime": 329.3087453842163, "_step": 97, "_wandb": {"runtime": 329}}