{"sac_ant_value_relative_loss": 0.08034724742174149, "sac_ant_value_loss": 0.4379204715374112, "_timestamp": 1694727058.1649597, "_runtime": 350.6713066101074, "_step": 99, "_wandb": {"runtime": 351}}