{"sac_walker_value_relative_loss": 0.4610166549682617, "sac_walker_value_loss": 6.030744394493103, "_timestamp": 1694992532.7078598, "_runtime": 341.4902927875519, "_step": 97, "_wandb": {"runtime": 342}}