{"sac_ant_reward_relative_loss": 0.02050812356173992, "sac_ant_reward_loss": 0.0017018240777216852, "_timestamp": 1694731434.5870528, "_runtime": 348.87076473236084, "_step": 97, "_wandb": {"runtime": 349}}