{"sac_ant_value_relative_loss": 0.050705645233392715, "sac_ant_value_loss": 0.27636341180369256, "_timestamp": 1694851696.0168257, "_runtime": 352.32086277008057, "_step": 97, "_wandb": {"runtime": 352}}