{"sac_cheetah_model_relative_loss": 0.08485760539770126, "sac_cheetah_model_loss": 0.23706713564079004, "_timestamp": 1695000891.6800866, "_runtime": 165.44845056533813, "_step": 97, "_wandb": {"runtime": 165}}