{"sac_walker_reward_relative_loss": 0.004380939528346062, "sac_walker_reward_loss": 0.0011758358365111053, "_timestamp": 1694989005.2988946, "_runtime": 362.59239864349365, "_step": 97, "_wandb": {"runtime": 363}}