{"sac_pendulum_model_relative_loss": 8.517202331859153e-06, "sac_pendulum_model_loss": 3.936134691181792e-07, "_timestamp": 1694748638.7996292, "_runtime": 345.29918813705444, "_step": 97, "_wandb": {"runtime": 345}}