{"sac_walker_value_relative_loss": 0.7218441963195801, "sac_walker_value_loss": 9.442734416732788, "_timestamp": 1694745858.5113273, "_runtime": 335.3567621707916, "_step": 97, "_wandb": {"runtime": 336}}