{"sac_ant_reward_relative_loss": 0.020332634449005127, "sac_ant_reward_loss": 0.0016872614058642647, "_timestamp": 1694731776.0473008, "_runtime": 331.3339867591858, "_step": 97, "_wandb": {"runtime": 332}}