{"sac_cheetah_model_relative_loss": 0.11816928535699844, "sac_cheetah_model_loss": 0.33013014829052006, "_timestamp": 1694753090.1161387, "_runtime": 169.26190066337585, "_step": 97, "_wandb": {"runtime": 169}}