{"sac_cheetah_model_relative_loss": 0.127485990524292, "sac_cheetah_model_loss": 0.35615824587209366, "_timestamp": 1694730648.5593567, "_runtime": 168.6975016593933, "_step": 97, "_wandb": {"runtime": 168}}