{"sac_walker_model_relative_loss": 0.4233517050743103, "sac_walker_model_loss": 0.4856990863895416, "_timestamp": 1694744855.5909448, "_runtime": 337.05252265930176, "_step": 97, "_wandb": {"runtime": 337}}