{"sac_pendulum_value_relative_loss": 0.004363370127975941, "sac_pendulum_value_loss": 0.038981257944107055, "_timestamp": 1694725910.2860937, "_runtime": 349.255494594574, "_step": 99, "_wandb": {"runtime": 349}}