{"sac_ant_model_relative_loss": 0.03545398265123367, "sac_ant_model_loss": 0.014161207732111216, "_timestamp": 1694849527.9531803, "_runtime": 357.6522583961487, "_step": 97, "_wandb": {"runtime": 358}}