{"sac_cheetah_value_relative_loss": 0.5591809153556824, "sac_cheetah_value_loss": 2.504659686802445, "_timestamp": 1694753803.1064658, "_runtime": 170.1883738040924, "_step": 97, "_wandb": {"runtime": 170}}