{"ac_Ant-v4_model_relative_loss": 4.358414173126221, "ac_Ant-v4_model_loss": 4.251229355391181, "_timestamp": 1695871967.505344, "_runtime": 91.6529610157013, "_step": 6, "_wandb": {"runtime": 101}}