{"sac_hopper_reward_relative_loss": 0.000165326870046556, "sac_hopper_reward_loss": 4.973740298024495e-05, "_timestamp": 1694983088.6854987, "_runtime": 427.12029576301575, "_step": 97, "_wandb": {"runtime": 427}}