{"sac_ant_reward_relative_loss": 0.020251542329788208, "sac_ant_reward_loss": 0.001680532005270943, "_timestamp": 1694722018.7198508, "_runtime": 348.87340688705444, "_step": 99, "_wandb": {"runtime": 349}}