{"sac_walker_reward_relative_loss": 0.005403617396950722, "sac_walker_reward_loss": 0.0014503205945761875, "_timestamp": 1694742130.5720181, "_runtime": 324.1744542121887, "_step": 97, "_wandb": {"runtime": 324}}