{"sac_ant_model_relative_loss": 0.04586750268936157, "sac_ant_model_loss": 0.01832062645357102, "_timestamp": 1694726697.588938, "_runtime": 352.2736051082611, "_step": 99, "_wandb": {"runtime": 352}}