{"sac_hopper_model_relative_loss": 0.0054460447281599045, "sac_hopper_model_loss": 0.003294922228846699, "_timestamp": 1694727777.221394, "_runtime": 352.3825340270996, "_step": 99, "_wandb": {"runtime": 353}}