{"sac_cheetah_model_relative_loss": 0.1336575299501419, "sac_cheetah_model_loss": 0.37339971308439723, "_timestamp": 1694753624.1258285, "_runtime": 170.4081676006317, "_step": 97, "_wandb": {"runtime": 170}}