{"sac_hopper_reward_relative_loss": 0.00016966652765404433, "sac_hopper_reward_loss": 5.1042952110583425e-05, "_timestamp": 1694984306.3795872, "_runtime": 393.85171914100647, "_step": 97, "_wandb": {"runtime": 394}}