{"sac_cheetah_model_relative_loss": 0.1320655792951584, "sac_cheetah_model_loss": 0.3689522705090328, "_timestamp": 1694753268.0517008, "_runtime": 169.8410358428955, "_step": 97, "_wandb": {"runtime": 169}}