{"ac_Ant-v4_model_relative_loss": 0.36944839358329773, "ac_Ant-v4_model_loss": 0.36036273625880855, "_timestamp": 1695885042.9748602, "_runtime": 956.0289301872253, "_step": 97, "_wandb": {"runtime": 958}}