{"sac_hopper_reward_relative_loss": 0.00016746509936638176, "sac_hopper_reward_loss": 5.038066866400186e-05, "_timestamp": 1694736978.077778, "_runtime": 331.19598603248596, "_step": 97, "_wandb": {"runtime": 331}}