{"sac_hopper_reward_relative_loss": 0.00019594180048443377, "sac_hopper_reward_loss": 5.894768359372392e-05, "_timestamp": 1694737334.7578306, "_runtime": 346.02690267562866, "_step": 97, "_wandb": {"runtime": 346}}