{"sac_hopper_reward_relative_loss": 0.00023416592739522457, "sac_hopper_reward_loss": 7.044713518756908e-05, "_timestamp": 1694851874.8518426, "_runtime": 169.33931970596313, "_step": 43}