{"sac_walker_model_relative_loss": 0.42719030380249023, "sac_walker_model_loss": 0.4901029924964905, "_timestamp": 1694728839.5633514, "_runtime": 341.69996547698975, "_step": 99, "_wandb": {"runtime": 342}}