{"sac_pendulum_reward_relative_loss": 2.3410457288264297e-06, "sac_pendulum_reward_loss": 2.3689597930816529e-07, "_timestamp": 1694746879.9587393, "_runtime": 330.6015622615814, "_step": 97, "_wandb": {"runtime": 331}}