{"sac_hopper_model_relative_loss": 0.005830063484609127, "sac_hopper_model_loss": 0.0035272582045570017, "_timestamp": 1694739733.4732833, "_runtime": 326.7191174030304, "_step": 97, "_wandb": {"runtime": 327}}