{"relative_loss": 0.08562586456537247, "loss": 0.03420111158382148, "_timestamp": 1694721113.6037946, "_runtime": 143.29273748397827, "_step": 40, "_wandb": {"runtime": 144}}