{"sac_cheetah_value_relative_loss": 0.3387557864189148, "sac_cheetah_value_loss": 1.517340661391797, "_timestamp": 1695001422.579432, "_runtime": 167.45664191246033, "_step": 97, "_wandb": {"runtime": 167}}