{"sac_ant_value_relative_loss": 0.05519689619541168, "sac_ant_value_loss": 0.3008423082360625, "_timestamp": 1694850989.351622, "_runtime": 357.33741521835327, "_step": 97, "_wandb": {"runtime": 358}}