{"sac_pendulum_model_relative_loss": 8.317332685692236e-06, "sac_pendulum_model_loss": 3.8437666814303384e-07, "_timestamp": 1694997104.3511205, "_runtime": 366.06540751457214, "_step": 97, "_wandb": {"runtime": 366}}