{"sac_hopper_value_relative_loss": 0.1180121898651123, "sac_hopper_value_loss": 1.6849324352550508, "_timestamp": 1694740417.8967297, "_runtime": 321.55213379859924, "_step": 97, "_wandb": {"runtime": 322}}