{"sac_ant_model_relative_loss": 0.04256758466362953, "sac_ant_model_loss": 0.017002557172887026, "_timestamp": 1694734578.8909867, "_runtime": 344.30698561668396, "_step": 97, "_wandb": {"runtime": 345}}