{"sac_hopper_model_relative_loss": 0.004336974583566189, "sac_hopper_model_loss": 0.002623921371055767, "_timestamp": 1694739395.8484893, "_runtime": 338.863397359848, "_step": 97, "_wandb": {"runtime": 339}}