{"sac_ant_model_relative_loss": 0.035402413457632065, "sac_ant_model_loss": 0.01414060922961682, "_timestamp": 1694849160.5018058, "_runtime": 342.0197718143463, "_step": 97, "_wandb": {"runtime": 342}}