{"sac_hopper_reward_relative_loss": 0.00016324718308169395, "sac_hopper_reward_loss": 4.911174122535158e-05, "_timestamp": 1694727415.05182, "_runtime": 346.34706711769104, "_step": 99, "_wandb": {"runtime": 346}}