{"sac_hopper_value_relative_loss": 0.07419873774051666, "sac_hopper_value_loss": 1.0593809709358215, "_timestamp": 1694986825.124079, "_runtime": 354.15189695358276, "_step": 97, "_wandb": {"runtime": 354}}