{"sac_pendulum_reward_relative_loss": 2.883430852307356e-06, "sac_pendulum_reward_loss": 2.9178121485913154e-07, "_timestamp": 1694747939.303881, "_runtime": 347.6023440361023, "_step": 97, "_wandb": {"runtime": 348}}