{"sac_cheetah_value_relative_loss": 0.32682180404663086, "sac_cheetah_value_loss": 1.4638865709076, "_timestamp": 1695001246.6055017, "_runtime": 164.61969661712646, "_step": 97, "_wandb": {"runtime": 164}}