{"sac_walker_model_relative_loss": 0.42230093479156494, "sac_walker_model_loss": 0.4844935757923126, "_timestamp": 1694744509.3323066, "_runtime": 328.79929971694946, "_step": 97, "_wandb": {"runtime": 329}}