{"sac_pendulum_value_relative_loss": 0.005725444294512272, "sac_pendulum_value_loss": 0.05114968746125698, "_timestamp": 1694751512.5037272, "_runtime": 338.26252031326294, "_step": 97, "_wandb": {"runtime": 338}}