{"sac_ant_value_relative_loss": 0.08030221611261368, "sac_ant_value_loss": 0.4376750228914619, "_timestamp": 1694722722.9743104, "_runtime": 345.2442433834076, "_step": 99, "_wandb": {"runtime": 346}}