{"sac_pendulum_value_relative_loss": 0.00415345374494791, "sac_pendulum_value_loss": 0.03710591663852334, "_timestamp": 1694997851.912655, "_runtime": 340.2538661956787, "_step": 97, "_wandb": {"runtime": 340}}