{"sac_cheetah_reward_relative_loss": 0.02217019721865654, "sac_cheetah_reward_loss": 0.0035595462739590367, "_timestamp": 1694752211.8464727, "_runtime": 169.16655778884888, "_step": 97, "_wandb": {"runtime": 169}}