{"sac_hopper_reward_relative_loss": 0.00017774372827261686, "sac_hopper_reward_loss": 5.3472923122608335e-05, "_timestamp": 1694983488.488908, "_runtime": 389.5242021083832, "_step": 97, "_wandb": {"runtime": 390}}