{"sac_cheetah_value_relative_loss": 0.5612689256668091, "sac_cheetah_value_loss": 2.514012411894588, "_timestamp": 1694754347.8474517, "_runtime": 175.29669761657715, "_step": 97, "_wandb": {"runtime": 175}}