{"sac_ant_model_relative_loss": 0.046024389564991, "sac_ant_model_loss": 0.018383291297256948, "_timestamp": 1694734223.884813, "_runtime": 331.21394395828247, "_step": 97, "_wandb": {"runtime": 331}}