{"sac_ant_value_relative_loss": 0.05018338933587074, "sac_ant_value_loss": 0.2735169517090917, "_timestamp": 1694850261.699512, "_runtime": 365.51388812065125, "_step": 97, "_wandb": {"runtime": 365}}