{"sac_pendulum_value_relative_loss": 0.005471697077155113, "sac_pendulum_value_loss": 0.04888277539730072, "_timestamp": 1694751164.331449, "_runtime": 333.9321389198303, "_step": 97, "_wandb": {"runtime": 334}}