{"sac_hopper_reward_relative_loss": 0.00016491464339196682, "sac_hopper_reward_loss": 4.961338454930228e-05, "_timestamp": 1694891383.893623, "_runtime": 388.5438530445099, "_step": 97, "_wandb": {"runtime": 389}}