{"ac_Ant-v4_value_relative_loss": 3.8580808639526367, "ac_Ant-v4_value_loss": 7.564749682930076, "_timestamp": 1695888041.7326834, "_runtime": 1004.5090675354004, "_step": 97, "_wandb": {"runtime": 1007}}