{"sac_hopper_value_relative_loss": 0.07264126092195511, "sac_hopper_value_loss": 1.0371438987922668, "_timestamp": 1694988256.9368827, "_runtime": 350.90119767189026, "_step": 97, "_wandb": {"runtime": 351}}