{"sac_walker_reward_relative_loss": 0.005313279572874308, "sac_walker_reward_loss": 0.0014260740323923527, "_timestamp": 1694741796.521037, "_runtime": 325.3398640155792, "_step": 97, "_wandb": {"runtime": 325}}