{"sac_hopper_reward_relative_loss": 0.0001706303737591952, "sac_hopper_reward_loss": 5.133292155485833e-05, "_timestamp": 1694890180.6454601, "_runtime": 400.8361351490021, "_step": 97, "_wandb": {"runtime": 401}}