{"sac_cheetah_model_relative_loss": 0.08535155653953552, "sac_cheetah_model_loss": 0.2384470704173096, "_timestamp": 1695000366.1410475, "_runtime": 165.26697659492493, "_step": 97, "_wandb": {"runtime": 165}}