{"sac_cheetah_value_relative_loss": 0.5104672312736511, "sac_cheetah_value_loss": 2.2864634192531414, "_timestamp": 1694754527.4109254, "_runtime": 171.55120038986206, "_step": 97, "_wandb": {"runtime": 171}}