{"sac_hopper_reward_relative_loss": 0.00016514699382241815, "sac_hopper_reward_loss": 4.9683284336933866e-05, "_timestamp": 1694983902.558884, "_runtime": 403.83797883987427, "_step": 97, "_wandb": {"runtime": 404}}