{"sac_walker_value_relative_loss": 0.47683319449424744, "sac_walker_value_loss": 6.237646792201996, "_timestamp": 1694993232.3333046, "_runtime": 349.2907745838165, "_step": 97, "_wandb": {"runtime": 349}}