{"sac_cheetah_value_relative_loss": 0.5205598473548889, "sac_cheetah_value_loss": 2.3316698551788133, "_timestamp": 1694730823.3954527, "_runtime": 166.2159206867218, "_step": 97, "_wandb": {"runtime": 166}}