{"sac_pendulum_value_relative_loss": 0.0042729564011096954, "sac_pendulum_value_loss": 0.03817352103278041, "_timestamp": 1694998601.863786, "_runtime": 361.4349639415741, "_step": 97, "_wandb": {"runtime": 362}}