{"relative_loss": 0.11005757749080658, "loss": 0.04395974401980639, "_timestamp": 1694716067.4549723, "_runtime": 450.9621193408966, "_step": 13, "_wandb": {"runtime": 469}}