{"sac_pendulum_reward_relative_loss": 3.5879072584066307e-06, "sac_pendulum_reward_loss": 3.630688702988394e-07, "_timestamp": 1694995558.826195, "_runtime": 387.2068259716034, "_step": 97, "_wandb": {"runtime": 387}}