{"ac_Hopper-v4_reward_relative_loss": 0.0005139397107996047, "ac_Hopper-v4_reward_loss": 9.333421541237152e-05, "_timestamp": 1695890220.8466964, "_runtime": 1154.7560362815857, "_step": 97, "_wandb": {"runtime": 1157}}