{"sac_ant_value_relative_loss": 0.08136766403913498, "sac_ant_value_loss": 0.4434821002611518, "_timestamp": 1694735254.5414727, "_runtime": 330.0746855735779, "_step": 97, "_wandb": {"runtime": 330}}