{"ac_Ant-v4_value_relative_loss": 3.763032913208008, "ac_Ant-v4_value_loss": 7.37838444652702, "_timestamp": 1695875453.9916039, "_runtime": 987.4220297336578, "_step": 97, "_wandb": {"runtime": 989}}