{"sac_hopper_value_relative_loss": 0.07370075583457947, "sac_hopper_value_loss": 1.0522709485912323, "_timestamp": 1694987179.34961, "_runtime": 344.6335611343384, "_step": 97, "_wandb": {"runtime": 345}}