{"sac_ant_value_relative_loss": 0.08302018791437149, "sac_ant_value_loss": 0.45248896181315185, "_timestamp": 1694734913.714508, "_runtime": 325.16338896751404, "_step": 97, "_wandb": {"runtime": 325}}