{"relative_loss": 0.23373180627822876, "loss": 0.01939574789436534, "_timestamp": 1694717505.0242372, "_runtime": 18.978044271469116, "_step": 1, "_wandb": {"runtime": 25}}