{"sac_pendulum_reward_relative_loss": 2.1692765130865155e-06, "sac_pendulum_reward_loss": 2.1951426195782275e-07, "_timestamp": 1694729558.9710019, "_runtime": 349.10338592529297, "_step": 99, "_wandb": {"runtime": 349}}