{"sac_pendulum_reward_relative_loss": 2.221413524239324e-06, "sac_pendulum_reward_loss": 2.2479012417200295e-07, "_timestamp": 1694993972.5511317, "_runtime": 380.8290686607361, "_step": 97, "_wandb": {"runtime": 381}}