{"sac_cheetah_model_relative_loss": 0.1275724470615387, "sac_cheetah_model_loss": 0.35639982563768224, "_timestamp": 1694753445.127014, "_runtime": 168.59275603294373, "_step": 97, "_wandb": {"runtime": 168}}