{"sac_ant_model_relative_loss": 0.044396113604307175, "sac_ant_model_loss": 0.01773291703976691, "_timestamp": 1694733189.3463745, "_runtime": 335.6424114704132, "_step": 97, "_wandb": {"runtime": 336}}