{"sac_walker_reward_relative_loss": 0.005442896392196417, "sac_walker_reward_loss": 0.001460862817070447, "_timestamp": 1694742473.9193244, "_runtime": 334.67000937461853, "_step": 97, "_wandb": {"runtime": 335}}