{"sac_ant_value_relative_loss": 0.05070028081536293, "sac_ant_value_loss": 0.27633417191430926, "_timestamp": 1694851332.5645363, "_runtime": 332.641583442688, "_step": 97, "_wandb": {"runtime": 333}}