{"sac_cheetah_model_relative_loss": 0.08404628932476044, "sac_cheetah_model_loss": 0.23480054458706942, "_timestamp": 1695001072.6005118, "_runtime": 172.02194786071777, "_step": 97, "_wandb": {"runtime": 171}}