{"sac_ant_reward_relative_loss": 0.02001327835023403, "sac_ant_reward_loss": 0.0016607602762943134, "_timestamp": 1694732145.0924249, "_runtime": 358.51229882240295, "_step": 97, "_wandb": {"runtime": 359}}