{"sac_pendulum_reward_relative_loss": 2.221913064204273e-06, "sac_pendulum_reward_loss": 2.248406859607144e-07, "_timestamp": 1694748283.7962415, "_runtime": 334.3602035045624, "_step": 97, "_wandb": {"runtime": 334}}