{"sac_walker_value_relative_loss": 0.48816585540771484, "sac_walker_value_loss": 6.385893849716187, "_timestamp": 1694993581.6308875, "_runtime": 339.75790643692017, "_step": 97, "_wandb": {"runtime": 340}}