{"sac_cheetah_model_relative_loss": 0.08081313222646713, "sac_cheetah_model_loss": 0.22576806248569062, "_timestamp": 1695000542.701135, "_runtime": 168.68313694000244, "_step": 97, "_wandb": {"runtime": 168}}