{"sac_hopper_value_relative_loss": 0.06940445303916931, "sac_hopper_value_loss": 0.9909299139022827, "_timestamp": 1694987552.2863517, "_runtime": 363.86749362945557, "_step": 97, "_wandb": {"runtime": 364}}