{"sac_walker_reward_relative_loss": 0.005474337376654148, "sac_walker_reward_loss": 0.0014693016771087422, "_timestamp": 1694743151.5147548, "_runtime": 335.5768678188324, "_step": 97, "_wandb": {"runtime": 336}}