{"sac_pendulum_model_relative_loss": 8.078275641310029e-06, "sac_pendulum_model_loss": 3.733289421499819e-07, "_timestamp": 1694997501.4173832, "_runtime": 387.54862928390503, "_step": 97, "_wandb": {"runtime": 388}}