{"sac_walker_value_relative_loss": 0.4694257378578186, "sac_walker_value_loss": 6.140746860923767, "_timestamp": 1694992873.6677153, "_runtime": 330.64949321746826, "_step": 97, "_wandb": {"runtime": 331}}