{"sac_cheetah_reward_relative_loss": 0.015845416113734245, "sac_cheetah_reward_loss": 0.002544068243622396, "_timestamp": 1695000192.564195, "_runtime": 168.28543996810913, "_step": 97, "_wandb": {"runtime": 167}}