{"sac_pendulum_value_relative_loss": 0.004686741158366203, "sac_pendulum_value_loss": 0.0418701706546545, "_timestamp": 1694751853.1690269, "_runtime": 331.213259935379, "_step": 97, "_wandb": {"runtime": 331}}