{"relative_loss": 0.049768004566431046, "loss": 0.019878584832511842, "_timestamp": 1694717509.3475, "_runtime": 665.9636120796204, "_step": 184, "_wandb": {"runtime": 669}}