{"sac_hopper_model_relative_loss": 0.005264915060251951, "sac_hopper_model_loss": 0.003185336589105427, "_timestamp": 1694723434.6621447, "_runtime": 349.0118577480316, "_step": 99, "_wandb": {"runtime": 349}}