{"sac_ant_model_relative_loss": 0.0337890163064003, "sac_ant_model_loss": 0.013496177013777196, "_timestamp": 1694848435.3011215, "_runtime": 344.74403738975525, "_step": 97, "_wandb": {"runtime": 345}}