{"sac_pendulum_reward_relative_loss": 2.7930966552958125e-06, "sac_pendulum_reward_loss": 2.8264009996874505e-07, "_timestamp": 1694995161.6802638, "_runtime": 385.9047808647156, "_step": 97, "_wandb": {"runtime": 386}}