{"sac_cheetah_model_relative_loss": 0.13480645418167114, "sac_cheetah_model_loss": 0.3766094911521776, "_timestamp": 1694752912.9895346, "_runtime": 166.3047285079956, "_step": 97, "_wandb": {"runtime": 166}}