{"sac_hopper_model_relative_loss": 0.0026603885926306248, "sac_hopper_model_loss": 0.0016095670125540345, "_timestamp": 1694986128.0874062, "_runtime": 342.62595105171204, "_step": 97, "_wandb": {"runtime": 343}}