{"sac_cheetah_reward_relative_loss": 0.021607808768749237, "sac_cheetah_reward_loss": 0.0034692518942484717, "_timestamp": 1694752737.5752575, "_runtime": 166.31576442718506, "_step": 97, "_wandb": {"runtime": 166}}