{"sac_cheetah_reward_relative_loss": 0.01650388538837433, "sac_cheetah_reward_loss": 0.0026497888593381524, "_timestamp": 1694999840.187923, "_runtime": 168.1081738471985, "_step": 97, "_wandb": {"runtime": 168}}