{"sac_pendulum_model_relative_loss": 6.8956101131334435e-06, "sac_pendulum_model_loss": 3.186732868493891e-07, "_timestamp": 1694749422.9181192, "_runtime": 425.308913230896, "_step": 97, "_wandb": {"runtime": 425}}