{"sac_walker_reward_relative_loss": 0.004279885441064835, "sac_walker_reward_loss": 0.0011487130938051269, "_timestamp": 1694989743.664368, "_runtime": 367.2265419960022, "_step": 97, "_wandb": {"runtime": 367}}