{"sac_cheetah_reward_relative_loss": 0.01565711572766304, "sac_cheetah_reward_loss": 0.0025138356556610327, "_timestamp": 1695000016.1785288, "_runtime": 166.96307682991028, "_step": 97, "_wandb": {"runtime": 167}}