{"sac_pendulum_model_relative_loss": 7.491771157219773e-06, "sac_pendulum_model_loss": 3.4622423719099513e-07, "_timestamp": 1694996728.4056163, "_runtime": 383.7074382305145, "_step": 97, "_wandb": {"runtime": 384}}