{"sac_ant_reward_relative_loss": 0.013594795018434525, "sac_ant_reward_loss": 0.0011281358362059109, "_timestamp": 1694848079.702611, "_runtime": 361.0429060459137, "_step": 97, "_wandb": {"runtime": 361}}