{"sac_walker_value_relative_loss": 0.7289947271347046, "sac_walker_value_loss": 9.536272912101746, "_timestamp": 1694746538.3435707, "_runtime": 329.63963174819946, "_step": 97, "_wandb": {"runtime": 329}}