{"sac_hopper_value_relative_loss": 0.09334942698478699, "sac_hopper_value_loss": 1.3328069812774659, "_timestamp": 1694740086.460555, "_runtime": 341.9779191017151, "_step": 97, "_wandb": {"runtime": 342}}