{"sac_ant_model_relative_loss": 0.04525729641318321, "sac_ant_model_loss": 0.01807689550422132, "_timestamp": 1694733530.7160344, "_runtime": 331.96626448631287, "_step": 97, "_wandb": {"runtime": 332}}