{"sac_pendulum_model_relative_loss": 6.853335889900336e-06, "sac_pendulum_model_loss": 3.167196332270805e-07, "_timestamp": 1694749779.8362727, "_runtime": 344.97457480430603, "_step": 97, "_wandb": {"runtime": 345}}