{"ac_Ant-v4_model_relative_loss": 0.359978586435318, "ac_Ant-v4_model_loss": 0.3511257928079354, "_timestamp": 1695886035.2217946, "_runtime": 974.8538436889648, "_step": 97, "_wandb": {"runtime": 977}}