{"relative_loss": 0.02088245190680027, "loss": 0.0017328867990081198, "_timestamp": 1694720960.383675, "_runtime": 346.1120901107788, "_step": 99, "_wandb": {"runtime": 346}}