{"sac_cheetah_value_relative_loss": 0.5399856567382812, "sac_cheetah_value_loss": 2.418681183001664, "_timestamp": 1694753981.3291676, "_runtime": 169.21968150138855, "_step": 97, "_wandb": {"runtime": 169}}