{"sac_hopper_reward_relative_loss": 0.00017110237968154252, "sac_hopper_reward_loss": 5.1474917458108395e-05, "_timestamp": 1694738022.0128994, "_runtime": 340.4188554286957, "_step": 97, "_wandb": {"runtime": 341}}