{"sac_pendulum_model_relative_loss": 7.543696483480744e-06, "sac_pendulum_model_loss": 3.4862393161489534e-07, "_timestamp": 1694725550.0503206, "_runtime": 358.0898516178131, "_step": 99, "_wandb": {"runtime": 358}}