{"sac_ant_reward_relative_loss": 0.013339311815798283, "sac_ant_reward_loss": 0.0011069350398518144, "_timestamp": 1694846972.7001278, "_runtime": 352.0946989059448, "_step": 97, "_wandb": {"runtime": 352}}