{"sac_hopper_model_relative_loss": 0.005930595099925995, "sac_hopper_model_loss": 0.0035880809366330506, "_timestamp": 1694738710.6579053, "_runtime": 339.32865834236145, "_step": 97, "_wandb": {"runtime": 340}}