{"sac_ant_model_relative_loss": 0.0482557974755764, "sac_ant_model_loss": 0.01927457197330892, "_timestamp": 1694722366.9146144, "_runtime": 337.8880455493927, "_step": 99, "_wandb": {"runtime": 337}}