{"sac_hopper_value_relative_loss": 0.10778063535690308, "sac_hopper_value_loss": 1.5388503365516664, "_timestamp": 1694723781.812807, "_runtime": 337.11319518089294, "_step": 99, "_wandb": {"runtime": 337}}