{"sac_ant_reward_relative_loss": 0.013530371710658073, "sac_ant_reward_loss": 0.0011227897645160556, "_timestamp": 1694847349.6152174, "_runtime": 366.9351763725281, "_step": 97, "_wandb": {"runtime": 367}}