{"sac_pendulum_reward_relative_loss": 3.3422177239117445e-06, "sac_pendulum_reward_loss": 3.382069451766156e-07, "_timestamp": 1694994766.3806531, "_runtime": 383.49570322036743, "_step": 97, "_wandb": {"runtime": 383}}