{"sac_ant_reward_relative_loss": 0.020940978080034256, "sac_ant_reward_loss": 0.0017377435656264425, "_timestamp": 1694732843.229194, "_runtime": 351.58733201026917, "_step": 97, "_wandb": {"runtime": 352}}