{"sac_cheetah_value_relative_loss": 0.315176397562027, "sac_cheetah_value_loss": 1.4117249460915915, "_timestamp": 1695001607.3679547, "_runtime": 176.15646266937256, "_step": 97, "_wandb": {"runtime": 176}}