{"sac_walker_value_relative_loss": 0.6899710297584534, "sac_walker_value_loss": 9.025788724937438, "_timestamp": 1694745185.0069425, "_runtime": 318.5369575023651, "_step": 97, "_wandb": {"runtime": 319}}