{"sac_walker_value_relative_loss": 0.6928902864456177, "sac_walker_value_loss": 9.06397629547119, "_timestamp": 1694729200.5980392, "_runtime": 350.67825722694397, "_step": 99, "_wandb": {"runtime": 351}}