{"sac_cheetah_reward_relative_loss": 0.021279750391840935, "sac_cheetah_reward_loss": 0.0034165802574180238, "_timestamp": 1694752561.5238032, "_runtime": 165.7434961795807, "_step": 97, "_wandb": {"runtime": 165}}