{"sac_hopper_reward_relative_loss": 0.00018588683451525867, "sac_hopper_reward_loss": 5.592271911358693e-05, "_timestamp": 1694890984.702659, "_runtime": 397.105712890625, "_step": 97, "_wandb": {"runtime": 397}}