{"sac_pendulum_value_relative_loss": 0.004104674328118563, "sac_pendulum_value_loss": 0.03667013205349445, "_timestamp": 1694998957.0147893, "_runtime": 344.81746339797974, "_step": 97, "_wandb": {"runtime": 343}}