{"sac_pendulum_reward_relative_loss": 1.7898823898576666e-06, "sac_pendulum_reward_loss": 1.8112245200862631e-07, "_timestamp": 1694725181.1313112, "_runtime": 347.3409502506256, "_step": 99, "_wandb": {"runtime": 348}}