{"sac_cheetah_value_relative_loss": 0.526491641998291, "sac_cheetah_value_loss": 2.358239464819317, "_timestamp": 1694754163.264771, "_runtime": 173.98543500900269, "_step": 97, "_wandb": {"runtime": 174}}