{"sac_ant_value_relative_loss": 0.07799354195594788, "sac_ant_value_loss": 0.4250919696801901, "_timestamp": 1694735944.4999163, "_runtime": 325.1887812614441, "_step": 97, "_wandb": {"runtime": 325}}