{"ac_Ant-v4_model_relative_loss": 0.3518466353416443, "ac_Ant-v4_model_loss": 0.34319385271638625, "_timestamp": 1695884069.666555, "_runtime": 954.0524508953094, "_step": 97, "_wandb": {"runtime": 956}}