{"sac_walker_reward_relative_loss": 0.005502523388713598, "sac_walker_reward_loss": 0.0014768667093571276, "_timestamp": 1694742806.1610405, "_runtime": 321.1206405162811, "_step": 97, "_wandb": {"runtime": 321}}