{"sac_pendulum_reward_relative_loss": 1.8415742033539573e-06, "sac_pendulum_reward_loss": 1.8635326176371267e-07, "_timestamp": 1694747233.0201128, "_runtime": 343.8533527851105, "_step": 97, "_wandb": {"runtime": 344}}