{"sac_walker_model_relative_loss": 0.26511701941490173, "sac_walker_model_loss": 0.3041610572910309, "_timestamp": 1694990466.052737, "_runtime": 344.0991430282593, "_step": 97, "_wandb": {"runtime": 344}}