{"sac_walker_model_relative_loss": 0.26688352227211, "sac_walker_model_loss": 0.3061876994109154, "_timestamp": 1694991155.433311, "_runtime": 340.22025299072266, "_step": 97, "_wandb": {"runtime": 340}}