{"sac_pendulum_value_relative_loss": 0.005980672314763069, "sac_pendulum_value_loss": 0.0534298267519474, "_timestamp": 1694750476.4474738, "_runtime": 337.5240218639374, "_step": 97, "_wandb": {"runtime": 338}}