{"sac_walker_value_relative_loss": 0.6842015385627747, "sac_walker_value_loss": 8.950315617446899, "_timestamp": 1694724823.0763333, "_runtime": 341.12295937538147, "_step": 99, "_wandb": {"runtime": 341}}